document_text,risk_level
The office will remain closed during the weekend.,Low
Employees are invited to attend the annual team meeting.,Low
The monthly company newsletter will be published Friday.,Low
The cafeteria menu has been updated for this month.,Low
The company announced a new employee training session.,Low
The meeting room booking procedure has been updated.,Low
Employees can register for the technical workshop.,Low
The organization will conduct a routine employee survey.,Low
The office parking schedule has been updated.,Low
Employees can join the monthly team discussion.,Low
The company will organize a sports event next month.,Low
The internal communication calendar has been published.,Low
Employees are requested to update their contact details.,Low
The company library has received new technical books.,Low
The annual holiday calendar has been announced.,Low
The administration team has changed the meeting schedule.,Low
Employees can participate in the optional skill development program.,Low
The office maintenance activity is scheduled for Saturday.,Low
The company has introduced a new cafeteria menu.,Low
The training department announced a general workshop.,Low
Employees received information about the upcoming team event.,Low
The organization published its monthly internal bulletin.,Low
The company announced changes to the office working hours.,Low
The human resources team scheduled a routine meeting.,Low
Employees must follow the company's information security policy.,Medium
Customer information must be stored according to company guidelines.,Medium
Access to confidential business information requires authorization.,Medium
Employees must report suspicious emails to the security team.,Medium
Business records should be retained according to the document retention policy.,Medium
Third-party vendors must follow the organization's security requirements.,Medium
Sensitive company documents should not be shared without approval.,Medium
Employees must complete annual compliance training.,Medium
Confidential records require authorized access.,Medium
Employees should follow the company's data handling procedure.,Medium
Vendor access must be reviewed by the security team.,Medium
Company records must be stored in approved systems.,Medium
Employees should protect confidential business information.,Medium
Access permissions should be reviewed regularly.,Medium
Business documents must follow the internal retention policy.,Medium
Employees must complete information security awareness training.,Medium
Third-party suppliers must follow company security procedures.,Medium
Confidential files require management approval before sharing.,Medium
Employees should use approved systems to store business records.,Medium
Customer records must be handled according to internal guidelines.,Medium
The security team will review user access permissions.,Medium
Employees must report potential security concerns to management.,Medium
Company information must be handled according to internal policy.,Medium
The compliance team will conduct a routine policy review.,Medium
Unauthorized disclosure of personal data may result in regulatory penalties.,High
A data breach involving customer information must be reported immediately.,High
Failure to comply with privacy regulations may result in significant fines.,High
The contract contains strict penalties for unauthorized data disclosure.,High
Personal information must be protected from unauthorized access or disclosure.,High
A security incident involving confidential customer records requires immediate investigation.,High
Violation of regulatory requirements may lead to legal action and financial penalties.,High
Unauthorized access to sensitive financial information may create serious compliance risk.,High
A breach of protected customer data requires immediate regulatory review.,High
Failure to protect personal information may result in legal penalties.,High
Unauthorized disclosure of confidential records can create major compliance violations.,High
A serious privacy incident involving customer data requires immediate escalation.,High
Regulatory violations involving personal data may result in substantial fines.,High
Unauthorized access to financial records must be investigated immediately.,High
A customer data breach may require notification to regulatory authorities.,High
Failure to follow privacy requirements can create significant legal exposure.,High
Sensitive personal information was exposed without proper authorization.,High
A security breach affecting confidential information requires urgent investigation.,High
Non-compliance with data protection regulations may lead to legal action.,High
Unauthorized sharing of personal information may result in regulatory penalties.,High
A major compliance violation involving customer records requires immediate review.,High
Exposure of confidential financial information creates significant regulatory risk.,High
A serious data protection incident must be escalated to compliance officers.,High
Failure to report a data breach may result in additional regulatory penalties.,High
